id,x,y,z
55,36.72161211,26.06712551,12.29803788
59,36.77276638,43.48036239,13.40063626
52,39.52559767,46.18191941,24.63836474
55,42.06603373,4.54533637,45.39883049
58,10.7069322,29.49124577,37.81267542
59,17.63327143,18.51116283,48.60551388
58,48.00726827,48.64774679,7.499708434
56,16.6635201,40.98884622,20.18979767
59,14.83733848,36.24130927,8.469061769
50,17.82055892,45.56774443,30.7399246
